file,kind,ref
scripts/active/fix_imports.py,Path(),src/core
scripts/active/fix_imports.py,Path(),src/advanced
scripts/active/fix_imports.py,literal_path,src/advanced
scripts/active/integrate_screenplay_library.py,Path(),digilibrary/BIBLIOTECA_ROTEIROS
scripts/active/meta_learning_framework.py,Path(),data/meta_patterns
scripts/active/meta_learning_framework.py,Path(),data/meta_patterns/evolution_log.json
scripts/active/meta_learning_framework.py,Path(),data/meta_patterns/pending_suggestions.json
scripts/active/meta_learning_framework.py,literal_path,data/meta_patterns/evolution_log.json
scripts/archive/add_unified_imports.py,Path(),src
scripts/archive/deep_structure_analysis.py,Path(),/Users/clubproducoes/Digimundo/scripturemon-champion
scripts/archive/deep_structure_analysis.py,literal_path,/Users/clubproducoes/Digimundo/scripturemon-champion
scripts/archive/final_reorganization.py,Path(),/Users/clubproducoes/Digimundo/scripturemon-champion
scripts/archive/final_reorganization.py,Path(),/Users/clubproducoes/Digimundo/Pre_Limpeza_Minimalista_Lixo/claude_code_lixo/final_reorganization_backup
scripts/archive/final_reorganization.py,literal_path,/Users/clubproducoes/Digimundo/scripturemon-champion
scripts/archive/final_reorganization.py,literal_path,/Users/clubproducoes/Digimundo/Pre_Limpeza_Minimalista_Lixo/claude_code_lixo/final_reorganization_backup
scripts/archive/list_ollama_configs.py,Path(),data/models/modelfiles
scripts/archive/quick_screenplay_learning.py,Path(),digilibrary/BIBLIOTECA_ROTEIROS/roteiros_mestres
scripts/cleanup_and_optimize.py,Path(),scripts/active
scripts/cleanup_and_optimize.py,Path(),scripts/archive/70b_deprecated
scripts/cleanup_and_optimize.py,Path(),scripts/archive/mixtral_duplicates
scripts/cleanup_and_optimize.py,Path(),data/unified_memory.db
scripts/cleanup_and_optimize.py,Path(),scripts/archive
scripts/deep_system_analysis.py,Path(),digilibrary/BIBLIOTECA_ROTEIROS
scripts/deep_system_analysis.py,Path(),data/models/modelfiles
scripts/deep_system_analysis.py,Path(),scripts/active
scripts/deep_system_analysis.py,Path(),data/unified_memory.db
scripts/deep_system_analysis.py,Path(),data
scripts/deep_system_analysis.py,literal_path,scripts/active/mixtral_enhanced_master.py
scripts/deep_system_analysis.py,literal_path,scripts/active/mixtral_primary_system.py
scripts/deep_system_analysis.py,literal_path,scripts/active/launch_mixtral_enhanced_automatic.py
scripts/rename_all_files.py,Path(),/Users/clubproducoes/Digimundo/scripturemon-champion/digilibrary/BIBLIOTECA_ROTEIROS
scripts/rename_all_files.py,literal_path,/Users/clubproducoes/Digimundo/scripturemon-champion/digilibrary/BIBLIOTECA_ROTEIROS
src/core/START_CLAUDE_SESSION.py,open(),COMPLETE_SYSTEM_MAP.json
src/core/START_CLAUDE_SESSION.py,Path(),/Users/clubproducoes/Digimundo/scripturemon-champion
src/core/START_CLAUDE_SESSION.py,Path(),/Users/clubproducoes/Digimundo/scripturemon-champion/.claude_session
src/core/START_CLAUDE_SESSION.py,literal_path,/Users/clubproducoes/Digimundo/scripturemon-champion
src/core/START_CLAUDE_SESSION.py,literal_path,../REDUNDANCY_ROOT_CAUSE_ANALYSIS.md
src/core/START_CLAUDE_SESSION.py,literal_path,../DEPLOYMENT_SYSTEM_ANALYSIS.md
src/core/START_CLAUDE_SESSION.py,literal_path,/Users/clubproducoes/Digimundo/scripturemon-champion/.claude_session
src/core/import_checker_minimal.py,literal_path,/Users/clubproducoes/Digimundo/scripturemon-champion
src/core/omnimemory_v5_minimal.py,literal_path,data/omnimemory_v5.db
src/core/screenplay_library.py,Path(),/Users/clubproducoes/Digimundo/scripturemon-champion/digilibrary/BIBLIOTECA_ROTEIROS
src/core/screenplay_library.py,literal_path,/Users/clubproducoes/Digimundo/scripturemon-champion/digilibrary/BIBLIOTECA_ROTEIROS
src/core/screenplay_library_simple.py,Path(),/Users/clubproducoes/Digimundo/scripturemon-champion/digilibrary/BIBLIOTECA_ROTEIROS
src/core/screenplay_library_simple.py,literal_path,/Users/clubproducoes/Digimundo/scripturemon-champion/digilibrary/BIBLIOTECA_ROTEIROS
src/core/scripturemon_start.py,Path(),/Users/clubproducoes/Digimundo/Respostas_testes
src/core/scripturemon_start.py,literal_path,/Users/clubproducoes/Digimundo/Respostas_testes
src/core/unified_memory_system.py,Path(),data
src/features/cinema_deep_reflection_system.py,Path(),/Users/clubproducoes/Digimundo/scripturemon-champion/digilibrary/BIBLIOTECA_ROTEIROS
src/features/cinema_deep_reflection_system.py,Path(),/Users/clubproducoes/Digimundo/scripturemon-champion/knowledge
src/features/cinema_deep_reflection_system.py,literal_path,/Users/clubproducoes/Digimundo/scripturemon-champion/digilibrary/BIBLIOTECA_ROTEIROS
src/features/cinema_deep_reflection_system.py,literal_path,/Users/clubproducoes/Digimundo/scripturemon-champion/knowledge
src/features/cinema_rag_llm_system.py,Path(),/Users/clubproducoes/Digimundo/scripturemon-champion/digilibrary/BIBLIOTECA_ROTEIROS
src/features/cinema_rag_llm_system.py,Path(),/Users/clubproducoes/Digimundo/scripturemon-champion/data
src/features/cinema_rag_llm_system.py,literal_path,/Users/clubproducoes/Digimundo/scripturemon-champion/digilibrary/BIBLIOTECA_ROTEIROS
src/features/cinema_rag_llm_system.py,literal_path,/Users/clubproducoes/Digimundo/scripturemon-champion/data
src/features/collaborative_mode_system.py,Path(),output/collaborative
src/features/collaborative_mode_system.py,Path(),collaborative_final.txt
src/features/intelligent_chat_orchestrator.py,Path(),/Users/clubproducoes/Digimundo/scripturemon-champion/digilibrary/BIBLIOTECA_ROTEIROS
src/features/intelligent_chat_orchestrator.py,Path(),/Users/clubproducoes/Digimundo/scripturemon-champion/digilibrary/TEORIA_CINEMA
src/features/intelligent_chat_orchestrator.py,literal_path,/Users/clubproducoes/Digimundo/scripturemon-champion/digilibrary/BIBLIOTECA_ROTEIROS
src/features/intelligent_chat_orchestrator.py,literal_path,/Users/clubproducoes/Digimundo/scripturemon-champion/digilibrary/TEORIA_CINEMA
src/features/rag_system.py,Path(),data/rag_vectors.db
src/features/rag_system.py,Path(),data/rag_stats.db
src/features/rag_system.py,literal_path,data/rag_vectors.db
src/features/rag_system.py,literal_path,data/rag_stats.db
src/features/screenplay_chat_assistant.py,Path(),/Users/clubproducoes/Digimundo/scripturemon-champion/digilibrary/BIBLIOTECA_ROTEIROS
src/features/screenplay_chat_assistant.py,Path(),/Users/clubproducoes/Digimundo/scripturemon-champion/digilibrary/TEORIA_CINEMA
src/features/screenplay_chat_assistant.py,literal_path,/Users/clubproducoes/Digimundo/scripturemon-champion/digilibrary/BIBLIOTECA_ROTEIROS
src/features/screenplay_chat_assistant.py,literal_path,/Users/clubproducoes/Digimundo/scripturemon-champion/digilibrary/TEORIA_CINEMA
src/ml/autonomous_learning_consciousness.py,Path(),/Users/clubproducoes/Digimundo/scripturemon-champion/data/consciousness.db
src/ml/autonomous_learning_consciousness.py,Path(),/Users/clubproducoes/Digimundo/scripturemon-champion/digilibrary/BIBLIOTECA_ROTEIROS/teoria
src/ml/autonomous_learning_consciousness.py,Path(),/Users/clubproducoes/Digimundo/scripturemon-champion/digilibrary/BIBLIOTECA_ROTEIROS
src/ml/autonomous_learning_consciousness.py,literal_path,/Users/clubproducoes/Digimundo/scripturemon-champion/data/consciousness.db
src/ml/autonomous_learning_consciousness.py,literal_path,/Users/clubproducoes/Digimundo/scripturemon-champion/digilibrary/BIBLIOTECA_ROTEIROS/teoria
src/ml/autonomous_learning_consciousness.py,literal_path,/Users/clubproducoes/Digimundo/scripturemon-champion/digilibrary/BIBLIOTECA_ROTEIROS
src/ml/learning_integration.py,Path(),data/screenplays
src/ml/mine_screenplay_with_ollama.py,Path(),digilibrary/BIBLIOTECA_ROTEIROS/roteiros_mestres/The Dark Knight - Release.pdf
src/ml/mine_screenplay_with_ollama.py,Path(),docs/FASE_18_MINING_REPORT.json
src/ml/mine_screenplay_with_ollama.py,Path(),docs/FASE_17e_TRADUCAO_FINAL_RESULTS.json
src/ml/ollama_cinema_trainer.py,Path(),/Users/clubproducoes/Digimundo/scripturemon-champion/data
src/ml/ollama_cinema_trainer.py,literal_path,/Users/clubproducoes/Digimundo/scripturemon-champion/data
src/possiveis_complementos/deploy_minimal.py,Path(),build
src/possiveis_complementos/precommit_minimal.py,Path(),tests
src/possiveis_complementos/remove_duplicates.py,literal_path,/Users/clubproducoes/Digimundo/scripturemon-champion
src/possiveis_complementos/simple_test.py,Path(),/Users/clubproducoes/Digimundo/scripturemon-champion
src/possiveis_complementos/simple_test.py,literal_path,/tmp/test
src/possiveis_complementos/simple_test.py,literal_path,/Users/clubproducoes/Digimundo/scripturemon-champion
src/possiveis_complementos/test_enhanced_system.py,Path(),/Users/clubproducoes/Digimundo/scripturemon-champion/digilibrary/BIBLIOTECA_ROTEIROS
src/possiveis_complementos/test_enhanced_system.py,literal_path,/Users/clubproducoes/Digimundo/scripturemon-champion
src/possiveis_complementos/test_enhanced_system.py,literal_path,/Users/clubproducoes/Digimundo/scripturemon-champion/digilibrary/BIBLIOTECA_ROTEIROS
src/possiveis_complementos/test_forensic_system.py,Path(),/Users/clubproducoes/Digimundo/scripturemon-champion
src/possiveis_complementos/test_forensic_system.py,literal_path,/tmp/hardcoded
src/possiveis_complementos/test_forensic_system.py,literal_path,/Users/clubproducoes/Digimundo/scripturemon-champion
src/possiveis_complementos/test_real_protection.py,Path(),/Users/clubproducoes/Digimundo/scripturemon-champion/test_sem_protecao.txt
src/possiveis_complementos/test_real_protection.py,Path(),/Users/clubproducoes/Digimundo/claude_code/.real_session
src/possiveis_complementos/test_real_protection.py,Path(),/Users/clubproducoes/Digimundo/scripturemon-champion/test_com_protecao.txt
src/possiveis_complementos/test_real_protection.py,Path(),/tmp/teste_nao_protegido.txt
src/possiveis_complementos/test_real_protection.py,literal_path,/Users/clubproducoes/Digimundo/claude_code/protection
src/possiveis_complementos/test_real_protection.py,literal_path,/Users/clubproducoes/Digimundo/scripturemon-champion/test_sem_protecao.txt
src/possiveis_complementos/test_real_protection.py,literal_path,/Users/clubproducoes/Digimundo/claude_code/.real_session
src/possiveis_complementos/test_real_protection.py,literal_path,/Users/clubproducoes/Digimundo/scripturemon-champion/test_com_protecao.txt
src/possiveis_complementos/test_real_protection.py,literal_path,/tmp/teste_nao_protegido.txt
src/possiveis_complementos/test_security_breach.py,Path(),/Users/clubproducoes/Digimundo/scripturemon-champion
src/possiveis_complementos/test_security_breach.py,Path(),/Users/clubproducoes/Digimundo/claude_code
src/possiveis_complementos/test_security_breach.py,Path(),/tmp/scripturemon_link
src/possiveis_complementos/test_security_breach.py,literal_path,/Users/clubproducoes/Digimundo/scripturemon-champion
src/possiveis_complementos/test_security_breach.py,literal_path,/Users/clubproducoes/Digimundo/claude_code
src/possiveis_complementos/test_security_breach.py,literal_path,/tmp/scripturemon_link
src/possiveis_complementos/test_security_system.py,Path(),/Users/clubproducoes/Digimundo/claude_code
src/possiveis_complementos/test_security_system.py,Path(),/Users/clubproducoes/Digimundo/scripturemon-champion
src/possiveis_complementos/test_security_system.py,Path(),/Users/clubproducoes/Digimundo/claude_code/analysis/SECURITY_TEST_REPORT.json
src/possiveis_complementos/test_security_system.py,literal_path,/Users/clubproducoes/Digimundo/claude_code
src/possiveis_complementos/test_security_system.py,literal_path,/Users/clubproducoes/Digimundo/scripturemon-champion
src/possiveis_complementos/test_security_system.py,literal_path,/Users/clubproducoes/Digimundo/claude_code/analysis/SECURITY_TEST_REPORT.json
src/possiveis_complementos/verify_backup_safety.py,Path(),config/backup_config.py
src/possiveis_complementos/verify_backup_safety.py,Path(),deployments/green_v2.0.0/code/apps/scripturemon/backup_manager.py
src/possiveis_complementos/verify_backup_safety.py,Path(),backups
src/possiveis_complementos/verify_backup_safety.py,Path(),BACKUPS_SISTEMA
src/possiveis_complementos/verify_backup_safety.py,Path(),deployments/backups
src/possiveis_complementos/verify_backup_safety.py,Path(),data/backups
src/possiveis_complementos/verify_backup_safety.py,Path(),data/memory/backups
src/possiveis_complementos/verify_backup_safety.py,Path(),data/souls/backups
src/possiveis_complementos/verify_backup_safety.py,Path(),data/revolutionary/backups
src/possiveis_complementos/verify_backup_safety.py,Path(),/Users/clubproducoes/Digimundo/SURGICAL_PRESERVATION
src/possiveis_complementos/verify_backup_safety.py,literal_path,data/backups
src/possiveis_complementos/verify_backup_safety.py,literal_path,data/memory/backups
src/possiveis_complementos/verify_backup_safety.py,literal_path,data/souls/backups
src/possiveis_complementos/verify_backup_safety.py,literal_path,data/revolutionary/backups
src/possiveis_complementos/verify_backup_safety.py,literal_path,/Users/clubproducoes/Digimundo/SURGICAL_PRESERVATION
test_screenplay_direct.py,Path(),/Users/clubproducoes/Digimundo/scripturemon-champion/digilibrary/BIBLIOTECA_ROTEIROS
test_screenplay_direct.py,literal_path,/Users/clubproducoes/Digimundo/scripturemon-champion/digilibrary/BIBLIOTECA_ROTEIROS
