file,missing_import
scripts/active/meta_learning_framework.py,from scripts.active.integrated_system import ...
scripts/archive/70b_deprecated/test_70b_modes.py,from scripts.active.async_70b_processor import ...
scripts/start_cinema_learning.py,from src.learning.ollama_cinema_trainer import ...
src/core/run_maximum_validation.py,from src.core.integrated_validation_system import ...
src/core/script_doctor_system.py,from scripts.active.intelligent_cache_manager import ...
src/core/script_doctor_system.py,from src.learning.learning_integration import ...
src/core/scripturemon_start.py,from src.core.cli_champion import ...
src/core/scripturemon_start.py,from src.core.resource_manager import ...
src/features/screenplay_chat_assistant.py,from src.advanced.cinema_rag_llm_system import ...
src/ml/autonomous_learning_consciousness.py,from src.core.digimon_producermon_supreme import ...
src/possiveis_complementos/test_enhanced_system.py,from apps.scripturemon import ...
src/possiveis_complementos/test_enhanced_system.py,from apps.scripturemon import ...
src/possiveis_complementos/test_enhanced_system.py,from apps.scripturemon.resource_manager_supreme import ...
